team,games_country,team_match,home_team_match
United States of America,Greece,United States,Greece
United States of America,United Kingdom,United States,United Kingdom
United States of America,Sweden,United States,Sweden
United States of America,Belgium,United States,Belgium
United States of America,France,United States,France
United States of America,France,United States,France
United States of America,Netherlands,United States,Netherlands
United States of America,Switzerland,United States,Switzerland
United States of America,United States,United States,United States
United States of America,United States,United States,United States
United States of America,Germany,United States,Germany
United States of America,Germany,United States,Germany
United States of America,Switzerland,United States,Switzerland
United States of America,United Kingdom,United States,United Kingdom
United States of America,Finland,United States,Finland
United States of America,Norway,United States,Norway
United States of America,Australia,United States,Australia
United States of America,United States,United States,United States
United States of America,Italy,United States,Italy
United States of America,Austria,United States,Austria
United States of America,Japan,United States,Japan
United States of America,Mexico,United States,Mexico
United States of America,France,United States,France
United States of America,Japan,United States,Japan
United States of America,Germany,United States,Germany
United States of America,Canada,United States,Canada
United States of America,Austria,United States,Austria
United States of America,United States,United States,United States
United States of America,Bosnia and Herzegovina,United States,
United States of America,United States,United States,United States
United States of America,South Korea,United States,
United States of America,Canada,United States,Canada
United States of America,France,United States,France
United States of America,Spain,United States,Spain
United States of America,Norway,United States,Norway
United States of America,United States,United States,United States
United States of America,Japan,United States,Japan
United States of America,Australia,United States,Australia
United States of America,United States,United States,United States
United States of America,Greece,United States,Greece
United States of America,China,United States,China
United States of America,Canada,United States,Canada
United States of America,United Kingdom,United States,United Kingdom
United States of America,Russia,United States,Russian Federation
United States of America,Brazil,United States,Brazil
United States of America,South Korea,United States,
United States of America,Japan,United States,Japan
Greece,Greece,Greece,Greece
Greece,United Kingdom,Greece,United Kingdom
Greece,Sweden,Greece,Sweden
Greece,Belgium,Greece,Belgium
Greece,France,Greece,France
Greece,Australia,Greece,Australia
Greece,Italy,Greece,Italy
Greece,Mexico,Greece,Mexico
Greece,Germany,Greece,Germany
Greece,Russia,Greece,Russian Federation
Greece,United States,Greece,United States
Greece,South Korea,Greece,
Greece,Spain,Greece,Spain
Greece,United States,Greece,United States
Greece,Australia,Greece,Australia
Greece,Greece,Greece,Greece
Greece,China,Greece,China
Greece,United Kingdom,Greece,United Kingdom
Greece,Brazil,Greece,Brazil
Greece,Japan,Greece,Japan
Germany,Greece,Germany,Greece
Germany,United Kingdom,Germany,United Kingdom
Germany,Sweden,Germany,Sweden
Germany,Netherlands,Germany,Netherlands
Germany,Switzerland,Germany,Switzerland
Germany,United States,Germany,United States
Germany,United States,Germany,United States
Germany,Germany,Germany,Germany
Germany,Germany,Germany,Germany
Germany,Finland,Germany,Finland
Germany,Norway,Germany,Norway
Germany,Australia,Germany,Australia
Germany,United States,Germany,United States
Germany,Italy,Germany,Italy
Germany,Austria,Germany,Austria
Germany,Japan,Germany,Japan
Germany,France,Germany,France
Germany,Spain,Germany,Spain
Germany,Norway,Germany,Norway
Germany,United States,Germany,United States
Germany,Japan,Germany,Japan
Germany,Australia,Germany,Australia
Germany,United States,Germany,United States
Germany,Greece,Germany,Greece
Germany,China,Germany,China
Germany,Canada,Germany,Canada
Germany,United Kingdom,Germany,United Kingdom
Germany,Russia,Germany,Russian Federation
Germany,Brazil,Germany,Brazil
Germany,South Korea,Germany,
Germany,Japan,Germany,Japan
France,Greece,France,Greece
France,United Kingdom,France,United Kingdom
France,Sweden,France,Sweden
France,Belgium,France,Belgium
France,France,France,France
France,France,France,France
France,Netherlands,France,Netherlands
France,Switzerland,France,Switzerland
France,United States,France,United States
France,United States,France,United States
France,Germany,France,Germany
France,Germany,France,Germany
France,Switzerland,France,Switzerland
France,United Kingdom,France,United Kingdom
France,Finland,France,Finland
France,Norway,France,Norway
France,Australia,France,Australia
France,United States,France,United States
France,Italy,France,Italy
France,Austria,France,Austria
France,Japan,France,Japan
France,Mexico,France,Mexico
France,France,France,France
France,Japan,France,Japan
France,Germany,France,Germany
France,Canada,France,Canada
France,Austria,France,Austria
France,Russia,France,Russian Federation
France,United States,France,United States
France,Bosnia and Herzegovina,France,
France,United States,France,United States
France,South Korea,France,
France,Canada,France,Canada
France,France,France,France
France,Spain,France,Spain
France,Norway,France,Norway
France,United States,France,United States
France,Japan,France,Japan
France,Australia,France,Australia
France,United States,France,United States
France,Greece,France,Greece
France,China,France,China
France,Canada,France,Canada
France,United Kingdom,France,United Kingdom
France,Russia,France,Russian Federation
France,Brazil,France,Brazil
France,South Korea,France,
France,Japan,France,Japan
Great Britain,Greece,United Kingdom,Greece
Great Britain,United Kingdom,United Kingdom,United Kingdom
Great Britain,Sweden,United Kingdom,Sweden
Great Britain,Belgium,United Kingdom,Belgium
Great Britain,France,United Kingdom,France
Great Britain,France,United Kingdom,France
Great Britain,Netherlands,United Kingdom,Netherlands
Great Britain,Switzerland,United Kingdom,Switzerland
Great Britain,United States,United Kingdom,United States
Great Britain,Germany,United Kingdom,Germany
Great Britain,Germany,United Kingdom,Germany
Great Britain,Switzerland,United Kingdom,Switzerland
Great Britain,United Kingdom,United Kingdom,United Kingdom
Great Britain,Finland,United Kingdom,Finland
Great Britain,Norway,United Kingdom,Norway
Great Britain,Australia,United Kingdom,Australia
Great Britain,Italy,United Kingdom,Italy
Great Britain,Austria,United Kingdom,Austria
Great Britain,Japan,United Kingdom,Japan
Great Britain,Mexico,United Kingdom,Mexico
Great Britain,Germany,United Kingdom,Germany
Great Britain,Canada,United Kingdom,Canada
Great Britain,Austria,United Kingdom,Austria
Great Britain,Russia,United Kingdom,Russian Federation
Great Britain,United States,United Kingdom,United States
Great Britain,Bosnia and Herzegovina,United Kingdom,
Great Britain,United States,United Kingdom,United States
Great Britain,South Korea,United Kingdom,
Great Britain,Spain,United Kingdom,Spain
Great Britain,Norway,United Kingdom,Norway
Great Britain,United States,United Kingdom,United States
Great Britain,Japan,United Kingdom,Japan
Great Britain,Australia,United Kingdom,Australia
Great Britain,United States,United Kingdom,United States
Great Britain,Greece,United Kingdom,Greece
Great Britain,China,United Kingdom,China
Great Britain,Canada,United Kingdom,Canada
Great Britain,United Kingdom,United Kingdom,United Kingdom
Great Britain,Russia,United Kingdom,Russian Federation
Great Britain,Brazil,United Kingdom,Brazil
Great Britain,South Korea,United Kingdom,
Great Britain,Japan,United Kingdom,Japan
Hungary,Greece,Hungary,Greece
Hungary,United Kingdom,Hungary,United Kingdom
Hungary,Sweden,Hungary,Sweden
Hungary,France,Hungary,France
Hungary,Netherlands,Hungary,Netherlands
Hungary,United States,Hungary,United States
Hungary,United States,Hungary,United States
Hungary,Germany,Hungary,Germany
Hungary,Germany,Hungary,Germany
Hungary,Switzerland,Hungary,Switzerland
Hungary,United Kingdom,Hungary,United Kingdom
Hungary,Finland,Hungary,Finland
Hungary,Norway,Hungary,Norway
Hungary,Australia,Hungary,Australia
Hungary,Italy,Hungary,Italy
Hungary,Japan,Hungary,Japan
Hungary,Mexico,Hungary,Mexico
Hungary,Germany,Hungary,Germany
Hungary,Canada,Hungary,Canada
Hungary,Russia,Hungary,Russian Federation
Hungary,United States,Hungary,United States
Hungary,South Korea,Hungary,
Hungary,Spain,Hungary,Spain
Hungary,United States,Hungary,United States
Hungary,Australia,Hungary,Australia
Hungary,Greece,Hungary,Greece
Hungary,China,Hungary,China
Hungary,United Kingdom,Hungary,United Kingdom
Hungary,Brazil,Hungary,Brazil
Hungary,South Korea,Hungary,
Hungary,Japan,Hungary,Japan
Austria,Greece,Austria,Greece
Austria,United Kingdom,Austria,United Kingdom
Austria,Sweden,Austria,Sweden
Austria,France,Austria,France
Austria,France,Austria,France
Austria,Netherlands,Austria,Netherlands
Austria,Switzerland,Austria,Switzerland
Austria,United States,Austria,United States
Austria,United States,Austria,United States
Austria,Germany,Austria,Germany
Austria,Germany,Austria,Germany
Austria,Switzerland,Austria,Switzerland
Austria,United Kingdom,Austria,United Kingdom
Austria,Finland,Austria,Finland
Austria,Norway,Austria,Norway
Austria,Australia,Austria,Australia
Austria,United States,Austria,United States
Austria,Italy,Austria,Italy
Austria,Austria,Austria,Austria
Austria,Mexico,Austria,Mexico
Austria,France,Austria,France
Austria,Japan,Austria,Japan
Austria,Germany,Austria,Germany
Austria,Canada,Austria,Canada
Austria,Austria,Austria,Austria
Austria,Russia,Austria,Russian Federation
Austria,United States,Austria,United States
Austria,Bosnia and Herzegovina,Austria,
Austria,United States,Austria,United States
Austria,South Korea,Austria,
Austria,Canada,Austria,Canada
Austria,France,Austria,France
Austria,Spain,Austria,Spain
Austria,Norway,Austria,Norway
Austria,United States,Austria,United States
Austria,Japan,Austria,Japan
Austria,Australia,Austria,Australia
Austria,United States,Austria,United States
Austria,Greece,Austria,Greece
Austria,China,Austria,China
Austria,Canada,Austria,Canada
Austria,Russia,Austria,Russian Federation
Austria,Brazil,Austria,Brazil
Austria,South Korea,Austria,
Austria,Japan,Austria,Japan
Australia,Greece,Australia,Greece
Australia,Belgium,Australia,Belgium
Australia,France,Australia,France
Australia,Netherlands,Australia,Netherlands
Australia,United States,Australia,United States
Australia,Germany,Australia,Germany
Australia,United Kingdom,Australia,United Kingdom
Australia,Finland,Australia,Finland
Australia,Australia,Australia,Australia
Australia,Italy,Australia,Italy
Australia,Japan,Australia,Japan
Australia,Mexico,Australia,Mexico
Australia,Germany,Australia,Germany
Australia,Canada,Australia,Canada
Australia,Russia,Australia,Russian Federation
Australia,United States,Australia,United States
Australia,South Korea,Australia,
Australia,Spain,Australia,Spain
Australia,Norway,Australia,Norway
Australia,United States,Australia,United States
Australia,Japan,Australia,Japan
Australia,Australia,Australia,Australia
Australia,United States,Australia,United States
Australia,Greece,Australia,Greece
Australia,China,Australia,China
Australia,Canada,Australia,Canada
Australia,United Kingdom,Australia,United Kingdom
Australia,Russia,Australia,Russian Federation
Australia,Brazil,Australia,Brazil
Australia,South Korea,Australia,
Australia,Japan,Australia,Japan
Denmark,Greece,Denmark,Greece
Denmark,United Kingdom,Denmark,United Kingdom
Denmark,Sweden,Denmark,Sweden
Denmark,Belgium,Denmark,Belgium
Denmark,France,Denmark,France
Denmark,Netherlands,Denmark,Netherlands
Denmark,United States,Denmark,United States
Denmark,Germany,Denmark,Germany
Denmark,United Kingdom,Denmark,United Kingdom
Denmark,Finland,Denmark,Finland
Denmark,Australia,Denmark,Australia
Denmark,Italy,Denmark,Italy
Denmark,Japan,Denmark,Japan
Denmark,Mexico,Denmark,Mexico
Denmark,Germany,Denmark,Germany
Denmark,Canada,Denmark,Canada
Denmark,Russia,Denmark,Russian Federation
Denmark,United States,Denmark,United States
Denmark,South Korea,Denmark,
Denmark,Spain,Denmark,Spain
Denmark,United States,Denmark,United States
Denmark,Japan,Denmark,Japan
Denmark,Australia,Denmark,Australia
Denmark,Greece,Denmark,Greece
Denmark,China,Denmark,China
Denmark,United Kingdom,Denmark,United Kingdom
Denmark,Brazil,Denmark,Brazil
Denmark,Japan,Denmark,Japan
Switzerland,Greece,Switzerland,Greece
Switzerland,Sweden,Switzerland,Sweden
Switzerland,Belgium,Switzerland,Belgium
Switzerland,France,Switzerland,France
Switzerland,France,Switzerland,France
Switzerland,Netherlands,Switzerland,Netherlands
Switzerland,Switzerland,Switzerland,Switzerland
Switzerland,United States,Switzerland,United States
Switzerland,United States,Switzerland,United States
Switzerland,Germany,Switzerland,Germany
Switzerland,Germany,Switzerland,Germany
Switzerland,Switzerland,Switzerland,Switzerland
Switzerland,United Kingdom,Switzerland,United Kingdom
Switzerland,Finland,Switzerland,Finland
Switzerland,Norway,Switzerland,Norway
Switzerland,United States,Switzerland,United States
Switzerland,Italy,Switzerland,Italy
Switzerland,Japan,Switzerland,Japan
Switzerland,Mexico,Switzerland,Mexico
Switzerland,France,Switzerland,France
Switzerland,Japan,Switzerland,Japan
Switzerland,Germany,Switzerland,Germany
Switzerland,Canada,Switzerland,Canada
Switzerland,Austria,Switzerland,Austria
Switzerland,Russia,Switzerland,Russian Federation
Switzerland,United States,Switzerland,United States
Switzerland,Bosnia and Herzegovina,Switzerland,
Switzerland,United States,Switzerland,United States
Switzerland,South Korea,Switzerland,
Switzerland,Canada,Switzerland,Canada
Switzerland,France,Switzerland,France
Switzerland,Spain,Switzerland,Spain
Switzerland,Norway,Switzerland,Norway
Switzerland,United States,Switzerland,United States
Switzerland,Japan,Switzerland,Japan
Switzerland,Australia,Switzerland,Australia
Switzerland,United States,Switzerland,United States
Switzerland,Greece,Switzerland,Greece
Switzerland,China,Switzerland,China
Switzerland,Canada,Switzerland,Canada
Switzerland,United Kingdom,Switzerland,United Kingdom
Switzerland,Russia,Switzerland,Russian Federation
Switzerland,Brazil,Switzerland,Brazil
Switzerland,South Korea,Switzerland,
Switzerland,Japan,Switzerland,Japan
MIX,Greece,,Greece
MIX,France,,France
Sweden,United Kingdom,Sweden,United Kingdom
Sweden,Sweden,Sweden,Sweden
Sweden,Belgium,Sweden,Belgium
Sweden,France,Sweden,France
Sweden,France,Sweden,France
Sweden,Netherlands,Sweden,Netherlands
Sweden,Switzerland,Sweden,Switzerland
Sweden,United States,Sweden,United States
Sweden,United States,Sweden,United States
Sweden,Germany,Sweden,Germany
Sweden,Germany,Sweden,Germany
Sweden,Switzerland,Sweden,Switzerland
Sweden,United Kingdom,Sweden,United Kingdom
Sweden,Finland,Sweden,Finland
Sweden,Norway,Sweden,Norway
Sweden,Australia,Sweden,Australia
Sweden,United States,Sweden,United States
Sweden,Italy,Sweden,Italy
Sweden,Austria,Sweden,Austria
Sweden,Japan,Sweden,Japan
Sweden,Mexico,Sweden,Mexico
Sweden,France,Sweden,France
Sweden,Japan,Sweden,Japan
Sweden,Germany,Sweden,Germany
Sweden,Canada,Sweden,Canada
Sweden,Austria,Sweden,Austria
Sweden,Russia,Sweden,Russian Federation
Sweden,United States,Sweden,United States
Sweden,Bosnia and Herzegovina,Sweden,
Sweden,United States,Sweden,United States
Sweden,South Korea,Sweden,
Sweden,Canada,Sweden,Canada
Sweden,France,Sweden,France
Sweden,Spain,Sweden,Spain
Sweden,Norway,Sweden,Norway
Sweden,United States,Sweden,United States
Sweden,Japan,Sweden,Japan
Sweden,Australia,Sweden,Australia
Sweden,United States,Sweden,United States
Sweden,Greece,Sweden,Greece
Sweden,China,Sweden,China
Sweden,Canada,Sweden,Canada
Sweden,United Kingdom,Sweden,United Kingdom
Sweden,Russia,Sweden,Russian Federation
Sweden,Brazil,Sweden,Brazil
Sweden,South Korea,Sweden,
Sweden,Japan,Sweden,Japan
Canada,United Kingdom,Canada,United Kingdom
Canada,Sweden,Canada,Sweden
Canada,Belgium,Canada,Belgium
Canada,France,Canada,France
Canada,France,Canada,France
Canada,Netherlands,Canada,Netherlands
Canada,Switzerland,Canada,Switzerland
Canada,United States,Canada,United States
Canada,United States,Canada,United States
Canada,Germany,Canada,Germany
Canada,Germany,Canada,Germany
Canada,Switzerland,Canada,Switzerland
Canada,United Kingdom,Canada,United Kingdom
Canada,Finland,Canada,Finland
Canada,Norway,Canada,Norway
Canada,Australia,Canada,Australia
Canada,United States,Canada,United States
Canada,Italy,Canada,Italy
Canada,Austria,Canada,Austria
Canada,Japan,Canada,Japan
Canada,Mexico,Canada,Mexico
Canada,France,Canada,France
Canada,Japan,Canada,Japan
Canada,Germany,Canada,Germany
Canada,Canada,Canada,Canada
Canada,Austria,Canada,Austria
Canada,United States,Canada,United States
Canada,Bosnia and Herzegovina,Canada,
Canada,United States,Canada,United States
Canada,South Korea,Canada,
Canada,Canada,Canada,Canada
Canada,France,Canada,France
Canada,Spain,Canada,Spain
Canada,Norway,Canada,Norway
Canada,United States,Canada,United States
Canada,Japan,Canada,Japan
Canada,Australia,Canada,Australia
Canada,United States,Canada,United States
Canada,Greece,Canada,Greece
Canada,China,Canada,China
Canada,Canada,Canada,Canada
Canada,United Kingdom,Canada,United Kingdom
Canada,Russia,Canada,Russian Federation
Canada,Brazil,Canada,Brazil
Canada,South Korea,Canada,
Canada,Japan,Canada,Japan
Norway,United Kingdom,Norway,United Kingdom
Norway,Sweden,Norway,Sweden
Norway,Belgium,Norway,Belgium
Norway,France,Norway,France
Norway,France,Norway,France
Norway,Netherlands,Norway,Netherlands
Norway,Switzerland,Norway,Switzerland
Norway,United States,Norway,United States
Norway,Germany,Norway,Germany
Norway,Germany,Norway,Germany
Norway,Switzerland,Norway,Switzerland
Norway,United Kingdom,Norway,United Kingdom
Norway,Finland,Norway,Finland
Norway,Norway,Norway,Norway
Norway,Australia,Norway,Australia
Norway,United States,Norway,United States
Norway,Italy,Norway,Italy
Norway,Austria,Norway,Austria
Norway,Mexico,Norway,Mexico
Norway,France,Norway,France
Norway,Japan,Norway,Japan
Norway,Germany,Norway,Germany
Norway,Canada,Norway,Canada
Norway,Austria,Norway,Austria
Norway,United States,Norway,United States
Norway,Bosnia and Herzegovina,Norway,
Norway,United States,Norway,United States
Norway,South Korea,Norway,
Norway,Canada,Norway,Canada
Norway,France,Norway,France
Norway,Spain,Norway,Spain
Norway,Norway,Norway,Norway
Norway,United States,Norway,United States
Norway,Japan,Norway,Japan
Norway,Australia,Norway,Australia
Norway,United States,Norway,United States
Norway,Greece,Norway,Greece
Norway,China,Norway,China
Norway,Canada,Norway,Canada
Norway,United Kingdom,Norway,United Kingdom
Norway,Russia,Norway,Russian Federation
Norway,Brazil,Norway,Brazil
Norway,South Korea,Norway,
Norway,Japan,Norway,Japan
Italy,United Kingdom,Italy,United Kingdom
Italy,Sweden,Italy,Sweden
Italy,Belgium,Italy,Belgium
Italy,France,Italy,France
Italy,Netherlands,Italy,Netherlands
Italy,United States,Italy,United States
Italy,Germany,Italy,Germany
Italy,Switzerland,Italy,Switzerland
Italy,United Kingdom,Italy,United Kingdom
Italy,Finland,Italy,Finland
Italy,Norway,Italy,Norway
Italy,Australia,Italy,Australia
Italy,United States,Italy,United States
Italy,Italy,Italy,Italy
Italy,Austria,Italy,Austria
Italy,Japan,Italy,Japan
Italy,Mexico,Italy,Mexico
Italy,France,Italy,France
Italy,Japan,Italy,Japan
Italy,Germany,Italy,Germany
Italy,Canada,Italy,Canada
Italy,Austria,Italy,Austria
Italy,Russia,Italy,Russian Federation
Italy,United States,Italy,United States
Italy,Bosnia and Herzegovina,Italy,
Italy,United States,Italy,United States
Italy,South Korea,Italy,
Italy,Canada,Italy,Canada
Italy,France,Italy,France
Italy,Spain,Italy,Spain
Italy,Norway,Italy,Norway
Italy,United States,Italy,United States
Italy,Japan,Italy,Japan
Italy,Australia,Italy,Australia
Italy,United States,Italy,United States
Italy,Greece,Italy,Greece
Italy,China,Italy,China
Italy,Canada,Italy,Canada
Italy,United Kingdom,Italy,United Kingdom
Italy,Russia,Italy,Russian Federation
Italy,Brazil,Italy,Brazil
Italy,South Korea,Italy,
Italy,Japan,Italy,Japan
Belgium,United Kingdom,Belgium,United Kingdom
Belgium,Sweden,Belgium,Sweden
Belgium,Belgium,Belgium,Belgium
Belgium,France,Belgium,France
Belgium,France,Belgium,France
Belgium,Netherlands,Belgium,Netherlands
Belgium,Switzerland,Belgium,Switzerland
Belgium,United States,Belgium,United States
Belgium,Germany,Belgium,Germany
Belgium,Switzerland,Belgium,Switzerland
Belgium,United Kingdom,Belgium,United Kingdom
Belgium,Finland,Belgium,Finland
Belgium,Australia,Belgium,Australia
Belgium,Italy,Belgium,Italy
Belgium,Japan,Belgium,Japan
Belgium,Mexico,Belgium,Mexico
Belgium,Germany,Belgium,Germany
Belgium,Canada,Belgium,Canada
Belgium,Russia,Belgium,Russian Federation
Belgium,United States,Belgium,United States
Belgium,South Korea,Belgium,
Belgium,Spain,Belgium,Spain
Belgium,United States,Belgium,United States
Belgium,Japan,Belgium,Japan
Belgium,Australia,Belgium,Australia
Belgium,Greece,Belgium,Greece
Belgium,China,Belgium,China
Belgium,United Kingdom,Belgium,United Kingdom
Belgium,Brazil,Belgium,Brazil
Belgium,South Korea,Belgium,
Belgium,Japan,Belgium,Japan
Australasia,United Kingdom,,United Kingdom
Australasia,Sweden,,Sweden
Russian Federation,United Kingdom,Russian Federation,United Kingdom
Russian Federation,Sweden,Russian Federation,Sweden
Russian Federation,Norway,Russian Federation,Norway
Russian Federation,United States,Russian Federation,United States
Russian Federation,Japan,Russian Federation,Japan
Russian Federation,Australia,Russian Federation,Australia
Russian Federation,United States,Russian Federation,United States
Russian Federation,Greece,Russian Federation,Greece
Russian Federation,China,Russian Federation,China
Russian Federation,Canada,Russian Federation,Canada
Russian Federation,United Kingdom,Russian Federation,United Kingdom
Russian Federation,Russia,Russian Federation,Russian Federation
Russian Federation,Brazil,Russian Federation,Brazil
Finland,United Kingdom,Finland,United Kingdom
Finland,Sweden,Finland,Sweden
Finland,Belgium,Finland,Belgium
Finland,France,Finland,France
Finland,France,Finland,France
Finland,Netherlands,Finland,Netherlands
Finland,Switzerland,Finland,Switzerland
Finland,United States,Finland,United States
Finland,United States,Finland,United States
Finland,Germany,Finland,Germany
Finland,Germany,Finland,Germany
Finland,Switzerland,Finland,Switzerland
Finland,United Kingdom,Finland,United Kingdom
Finland,Finland,Finland,Finland
Finland,Norway,Finland,Norway
Finland,Australia,Finland,Australia
Finland,United States,Finland,United States
Finland,Italy,Finland,Italy
Finland,Austria,Finland,Austria
Finland,Japan,Finland,Japan
Finland,Mexico,Finland,Mexico
Finland,France,Finland,France
Finland,Japan,Finland,Japan
Finland,Germany,Finland,Germany
Finland,Canada,Finland,Canada
Finland,Austria,Finland,Austria
Finland,Russia,Finland,Russian Federation
Finland,United States,Finland,United States
Finland,Bosnia and Herzegovina,Finland,
Finland,United States,Finland,United States
Finland,South Korea,Finland,
Finland,Canada,Finland,Canada
Finland,France,Finland,France
Finland,Spain,Finland,Spain
Finland,Norway,Finland,Norway
Finland,United States,Finland,United States
Finland,Japan,Finland,Japan
Finland,Australia,Finland,Australia
Finland,United States,Finland,United States
Finland,Greece,Finland,Greece
Finland,China,Finland,China
Finland,Canada,Finland,Canada
Finland,United Kingdom,Finland,United Kingdom
Finland,Russia,Finland,Russian Federation
Finland,Brazil,Finland,Brazil
Finland,South Korea,Finland,
Finland,Japan,Finland,Japan
South Africa,United Kingdom,South Africa,United Kingdom
South Africa,Sweden,South Africa,Sweden
South Africa,Belgium,South Africa,Belgium
South Africa,France,South Africa,France
South Africa,Netherlands,South Africa,Netherlands
South Africa,United States,South Africa,United States
South Africa,Germany,South Africa,Germany
South Africa,United Kingdom,South Africa,United Kingdom
South Africa,Finland,South Africa,Finland
South Africa,Australia,South Africa,Australia
South Africa,Italy,South Africa,Italy
South Africa,Spain,South Africa,Spain
South Africa,United States,South Africa,United States
South Africa,Australia,South Africa,Australia
South Africa,Greece,South Africa,Greece
South Africa,China,South Africa,China
South Africa,United Kingdom,South Africa,United Kingdom
South Africa,Brazil,South Africa,Brazil
South Africa,Japan,South Africa,Japan
Netherlands,United Kingdom,Netherlands,United Kingdom
Netherlands,Sweden,Netherlands,Sweden
Netherlands,Belgium,Netherlands,Belgium
Netherlands,France,Netherlands,France
Netherlands,Netherlands,Netherlands,Netherlands
Netherlands,United States,Netherlands,United States
Netherlands,Germany,Netherlands,Germany
Netherlands,United Kingdom,Netherlands,United Kingdom
Netherlands,Finland,Netherlands,Finland
Netherlands,Norway,Netherlands,Norway
Netherlands,United States,Netherlands,United States
Netherlands,Italy,Netherlands,Italy
Netherlands,Austria,Netherlands,Austria
Netherlands,Japan,Netherlands,Japan
Netherlands,Mexico,Netherlands,Mexico
Netherlands,France,Netherlands,France
Netherlands,Japan,Netherlands,Japan
Netherlands,Germany,Netherlands,Germany
Netherlands,Canada,Netherlands,Canada
Netherlands,Austria,Netherlands,Austria
Netherlands,Russia,Netherlands,Russian Federation
Netherlands,United States,Netherlands,United States
Netherlands,United States,Netherlands,United States
Netherlands,South Korea,Netherlands,
Netherlands,Canada,Netherlands,Canada
Netherlands,France,Netherlands,France
Netherlands,Spain,Netherlands,Spain
Netherlands,Norway,Netherlands,Norway
Netherlands,United States,Netherlands,United States
Netherlands,Japan,Netherlands,Japan
Netherlands,Australia,Netherlands,Australia
Netherlands,United States,Netherlands,United States
Netherlands,Greece,Netherlands,Greece
Netherlands,China,Netherlands,China
Netherlands,Canada,Netherlands,Canada
Netherlands,United Kingdom,Netherlands,United Kingdom
Netherlands,Russia,Netherlands,Russian Federation
Netherlands,Brazil,Netherlands,Brazil
Netherlands,South Korea,Netherlands,
Netherlands,Japan,Netherlands,Japan
Bohemia,United Kingdom,,United Kingdom
Estonia,Belgium,Estonia,Belgium
Estonia,France,Estonia,France
Estonia,Netherlands,Estonia,Netherlands
Estonia,Germany,Estonia,Germany
Estonia,Spain,Estonia,Spain
Estonia,Australia,Estonia,Australia
Estonia,United States,Estonia,United States
Estonia,Greece,Estonia,Greece
Estonia,China,Estonia,China
Estonia,Canada,Estonia,Canada
Estonia,United Kingdom,Estonia,United Kingdom
Estonia,Brazil,Estonia,Brazil
Estonia,Japan,Estonia,Japan
Brazil,Belgium,Brazil,Belgium
Brazil,United Kingdom,Brazil,United Kingdom
Brazil,Finland,Brazil,Finland
Brazil,Australia,Brazil,Australia
Brazil,Italy,Brazil,Italy
Brazil,Japan,Brazil,Japan
Brazil,Mexico,Brazil,Mexico
Brazil,Germany,Brazil,Germany
Brazil,Canada,Brazil,Canada
Brazil,Russia,Brazil,Russian Federation
Brazil,United States,Brazil,United States
Brazil,South Korea,Brazil,
Brazil,Spain,Brazil,Spain
Brazil,United States,Brazil,United States
Brazil,Australia,Brazil,Australia
Brazil,Greece,Brazil,Greece
Brazil,China,Brazil,China
Brazil,United Kingdom,Brazil,United Kingdom
Brazil,Brazil,Brazil,Brazil
Brazil,Japan,Brazil,Japan
Spain,Belgium,Spain,Belgium
Spain,Netherlands,Spain,Netherlands
Spain,United States,Spain,United States
Spain,United Kingdom,Spain,United Kingdom
Spain,Finland,Spain,Finland
Spain,Italy,Spain,Italy
Spain,Japan,Spain,Japan
Spain,Germany,Spain,Germany
Spain,Canada,Spain,Canada
Spain,Russia,Spain,Russian Federation
Spain,United States,Spain,United States
Spain,South Korea,Spain,
Spain,France,Spain,France
Spain,Spain,Spain,Spain
Spain,United States,Spain,United States
Spain,Australia,Spain,Australia
Spain,Greece,Spain,Greece
Spain,China,Spain,China
Spain,United Kingdom,Spain,United Kingdom
Spain,Brazil,Spain,Brazil
Spain,South Korea,Spain,
Spain,Japan,Spain,Japan
Japan,Belgium,Japan,Belgium
Japan,France,Japan,France
Japan,Netherlands,Japan,Netherlands
Japan,United States,Japan,United States
Japan,Germany,Japan,Germany
Japan,Finland,Japan,Finland
Japan,Australia,Japan,Australia
Japan,Italy,Japan,Italy
Japan,Japan,Japan,Japan
Japan,Mexico,Japan,Mexico
Japan,Japan,Japan,Japan
Japan,Germany,Japan,Germany
Japan,Canada,Japan,Canada
Japan,United States,Japan,United States
Japan,Bosnia and Herzegovina,Japan,
Japan,United States,Japan,United States
Japan,South Korea,Japan,
Japan,Canada,Japan,Canada
Japan,France,Japan,France
Japan,Spain,Japan,Spain
Japan,Norway,Japan,Norway
Japan,United States,Japan,United States
Japan,Japan,Japan,Japan
Japan,Australia,Japan,Australia
Japan,United States,Japan,United States
Japan,Greece,Japan,Greece
Japan,China,Japan,China
Japan,Canada,Japan,Canada
Japan,United Kingdom,Japan,United Kingdom
Japan,Russia,Japan,Russian Federation
Japan,Brazil,Japan,Brazil
Japan,South Korea,Japan,
Japan,Japan,Japan,Japan
Luxembourg,Belgium,Luxembourg,Belgium
Luxembourg,France,Luxembourg,France
Luxembourg,Netherlands,Luxembourg,Netherlands
Luxembourg,Finland,Luxembourg,Finland
Luxembourg,France,Luxembourg,France
Czechoslovakia,Belgium,Czechoslovakia,Belgium
Czechoslovakia,France,Czechoslovakia,France
Czechoslovakia,Netherlands,Czechoslovakia,Netherlands
Czechoslovakia,Switzerland,Czechoslovakia,Switzerland
Czechoslovakia,United States,Czechoslovakia,United States
Czechoslovakia,Germany,Czechoslovakia,Germany
Czechoslovakia,Switzerland,Czechoslovakia,Switzerland
Czechoslovakia,United Kingdom,Czechoslovakia,United Kingdom
Czechoslovakia,Finland,Czechoslovakia,Finland
Czechoslovakia,Australia,Czechoslovakia,Australia
Czechoslovakia,United States,Czechoslovakia,United States
Czechoslovakia,Italy,Czechoslovakia,Italy
Czechoslovakia,Austria,Czechoslovakia,Austria
Czechoslovakia,Japan,Czechoslovakia,Japan
Czechoslovakia,Mexico,Czechoslovakia,Mexico
Czechoslovakia,France,Czechoslovakia,France
Czechoslovakia,Japan,Czechoslovakia,Japan
Czechoslovakia,Germany,Czechoslovakia,Germany
Czechoslovakia,Canada,Czechoslovakia,Canada
Czechoslovakia,Austria,Czechoslovakia,Austria
Czechoslovakia,Russia,Czechoslovakia,Russian Federation
Czechoslovakia,United States,Czechoslovakia,United States
Czechoslovakia,Bosnia and Herzegovina,Czechoslovakia,
Czechoslovakia,South Korea,Czechoslovakia,
Czechoslovakia,Canada,Czechoslovakia,Canada
Czechoslovakia,France,Czechoslovakia,France
Czechoslovakia,Spain,Czechoslovakia,Spain
New Zealand,Belgium,New Zealand,Belgium
New Zealand,France,New Zealand,France
New Zealand,Netherlands,New Zealand,Netherlands
New Zealand,United States,New Zealand,United States
New Zealand,Germany,New Zealand,Germany
New Zealand,Finland,New Zealand,Finland
New Zealand,Australia,New Zealand,Australia
New Zealand,Italy,New Zealand,Italy
New Zealand,Japan,New Zealand,Japan
New Zealand,Mexico,New Zealand,Mexico
New Zealand,Germany,New Zealand,Germany
New Zealand,Canada,New Zealand,Canada
New Zealand,United States,New Zealand,United States
New Zealand,South Korea,New Zealand,
New Zealand,France,New Zealand,France
New Zealand,Spain,New Zealand,Spain
New Zealand,United States,New Zealand,United States
New Zealand,Australia,New Zealand,Australia
New Zealand,Greece,New Zealand,Greece
New Zealand,China,New Zealand,China
New Zealand,United Kingdom,New Zealand,United Kingdom
New Zealand,Brazil,New Zealand,Brazil
New Zealand,South Korea,New Zealand,
New Zealand,Japan,New Zealand,Japan
Yugoslavia,France,Former Yugoslavia,France
Yugoslavia,Netherlands,Former Yugoslavia,Netherlands
Yugoslavia,Germany,Former Yugoslavia,Germany
Yugoslavia,United Kingdom,Former Yugoslavia,United Kingdom
Yugoslavia,Finland,Former Yugoslavia,Finland
Yugoslavia,Australia,Former Yugoslavia,Australia
Yugoslavia,Italy,Former Yugoslavia,Italy
Yugoslavia,Japan,Former Yugoslavia,Japan
Yugoslavia,Mexico,Former Yugoslavia,Mexico
Yugoslavia,Germany,Former Yugoslavia,Germany
Yugoslavia,Canada,Former Yugoslavia,Canada
Yugoslavia,Russia,Former Yugoslavia,Russian Federation
Yugoslavia,Bosnia and Herzegovina,Former Yugoslavia,
Yugoslavia,United States,Former Yugoslavia,United States
Yugoslavia,South Korea,Former Yugoslavia,
Yugoslavia,Canada,Former Yugoslavia,Canada
Argentina,France,Argentina,France
Argentina,Netherlands,Argentina,Netherlands
Argentina,United States,Argentina,United States
Argentina,Germany,Argentina,Germany
Argentina,United Kingdom,Argentina,United Kingdom
Argentina,Finland,Argentina,Finland
Argentina,Australia,Argentina,Australia
Argentina,Italy,Argentina,Italy
Argentina,Japan,Argentina,Japan
Argentina,Mexico,Argentina,Mexico
Argentina,Germany,Argentina,Germany
Argentina,South Korea,Argentina,
Argentina,Spain,Argentina,Spain
Argentina,United States,Argentina,United States
Argentina,Australia,Argentina,Australia
Argentina,Greece,Argentina,Greece
Argentina,China,Argentina,China
Argentina,United Kingdom,Argentina,United Kingdom
Argentina,Brazil,Argentina,Brazil
Argentina,Japan,Argentina,Japan
Uruguay,France,Uruguay,France
Uruguay,Netherlands,Uruguay,Netherlands
Uruguay,United States,Uruguay,United States
Uruguay,United Kingdom,Uruguay,United Kingdom
Uruguay,Finland,Uruguay,Finland
Uruguay,Australia,Uruguay,Australia
Uruguay,Japan,Uruguay,Japan
Uruguay,Australia,Uruguay,Australia
Ireland,France,Ireland,France
Ireland,Netherlands,Ireland,Netherlands
Ireland,United States,Ireland,United States
Ireland,United Kingdom,Ireland,United Kingdom
Ireland,Finland,Ireland,Finland
Ireland,Australia,Ireland,Australia
Ireland,Japan,Ireland,Japan
Ireland,Russia,Ireland,Russian Federation
Ireland,United States,Ireland,United States
Ireland,Spain,Ireland,Spain
Ireland,United States,Ireland,United States
Ireland,Australia,Ireland,Australia
Ireland,China,Ireland,China
Ireland,United Kingdom,Ireland,United Kingdom
Ireland,Brazil,Ireland,Brazil
Ireland,Japan,Ireland,Japan
Poland,France,Poland,France
Poland,Netherlands,Poland,Netherlands
Poland,United States,Poland,United States
Poland,Germany,Poland,Germany
Poland,United Kingdom,Poland,United Kingdom
Poland,Finland,Poland,Finland
Poland,Australia,Poland,Australia
Poland,United States,Poland,United States
Poland,Italy,Poland,Italy
Poland,Japan,Poland,Japan
Poland,Mexico,Poland,Mexico
Poland,Japan,Poland,Japan
Poland,Germany,Poland,Germany
Poland,Canada,Poland,Canada
Poland,Russia,Poland,Russian Federation
Poland,South Korea,Poland,
Poland,Spain,Poland,Spain
Poland,United States,Poland,United States
Poland,Australia,Poland,Australia
Poland,United States,Poland,United States
Poland,Greece,Poland,Greece
Poland,China,Poland,China
Poland,Canada,Poland,Canada
Poland,United Kingdom,Poland,United Kingdom
Poland,Russia,Poland,Russian Federation
Poland,Brazil,Poland,Brazil
Poland,South Korea,Poland,
Poland,Japan,Poland,Japan
Haiti,France,Haiti,France
Haiti,Netherlands,Haiti,Netherlands
Monaco,France,,France
Portugal,France,Portugal,France
Portugal,Netherlands,Portugal,Netherlands
Portugal,Germany,Portugal,Germany
Portugal,United Kingdom,Portugal,United Kingdom
Portugal,Finland,Portugal,Finland
Portugal,Italy,Portugal,Italy
Portugal,Canada,Portugal,Canada
Portugal,United States,Portugal,United States
Portugal,South Korea,Portugal,
Portugal,United States,Portugal,United States
Portugal,Australia,Portugal,Australia
Portugal,Greece,Portugal,Greece
Portugal,China,Portugal,China
Portugal,United Kingdom,Portugal,United Kingdom
Portugal,Brazil,Portugal,Brazil
Portugal,Japan,Portugal,Japan
Romania,France,Romania,France
Romania,Germany,Romania,Germany
Romania,Finland,Romania,Finland
Romania,Australia,Romania,Australia
Romania,Italy,Romania,Italy
Romania,Japan,Romania,Japan
Romania,Mexico,Romania,Mexico
Romania,France,Romania,France
Romania,Germany,Romania,Germany
Romania,Canada,Romania,Canada
Romania,Russia,Romania,Russian Federation
Romania,United States,Romania,United States
Romania,South Korea,Romania,
Romania,Spain,Romania,Spain
Romania,United States,Romania,United States
Romania,Australia,Romania,Australia
Romania,Greece,Romania,Greece
Romania,China,Romania,China
Romania,United Kingdom,Romania,United Kingdom
Romania,Brazil,Romania,Brazil
Romania,Japan,Romania,Japan
Egypt,Netherlands,Egypt,Netherlands
Egypt,Germany,Egypt,Germany
Egypt,United Kingdom,Egypt,United Kingdom
Egypt,Finland,Egypt,Finland
Egypt,United States,Egypt,United States
Egypt,Greece,Egypt,Greece
Egypt,China,Egypt,China
Egypt,United Kingdom,Egypt,United Kingdom
Egypt,Brazil,Egypt,Brazil
Egypt,Japan,Egypt,Japan
India,Netherlands,India,Netherlands
India,United States,India,United States
India,Germany,India,Germany
India,United Kingdom,India,United Kingdom
India,Finland,India,Finland
India,Australia,India,Australia
India,Italy,India,Italy
India,Japan,India,Japan
India,Mexico,India,Mexico
India,Germany,India,Germany
India,Russia,India,Russian Federation
India,United States,India,United States
India,Australia,India,Australia
India,Greece,India,Greece
India,China,India,China
India,United Kingdom,India,United Kingdom
India,Brazil,India,Brazil
India,Japan,India,Japan
Chile,Netherlands,Chile,Netherlands
Chile,Finland,Chile,Finland
Chile,Australia,Chile,Australia
Chile,South Korea,Chile,
Chile,Australia,Chile,Australia
Chile,Greece,Chile,Greece
Chile,China,Chile,China
Philippines,Netherlands,Philippines,Netherlands
Philippines,United States,Philippines,United States
Philippines,Germany,Philippines,Germany
Philippines,Japan,Philippines,Japan
Philippines,South Korea,Philippines,
Philippines,Spain,Philippines,Spain
Philippines,United States,Philippines,United States
Philippines,Brazil,Philippines,Brazil
Philippines,Japan,Philippines,Japan
Mexico,United States,Mexico,United States
Mexico,Germany,Mexico,Germany
Mexico,United Kingdom,Mexico,United Kingdom
Mexico,Finland,Mexico,Finland
Mexico,Australia,Mexico,Australia
Mexico,Italy,Mexico,Italy
Mexico,Japan,Mexico,Japan
Mexico,Mexico,Mexico,Mexico
Mexico,Germany,Mexico,Germany
Mexico,Canada,Mexico,Canada
Mexico,Russia,Mexico,Russian Federation
Mexico,United States,Mexico,United States
Mexico,South Korea,Mexico,
Mexico,Spain,Mexico,Spain
Mexico,United States,Mexico,United States
Mexico,Australia,Mexico,Australia
Mexico,Greece,Mexico,Greece
Mexico,China,Mexico,China
Mexico,United Kingdom,Mexico,United Kingdom
Mexico,Brazil,Mexico,Brazil
Mexico,Japan,Mexico,Japan
Latvia,United States,Latvia,United States
Latvia,Germany,Latvia,Germany
Latvia,Spain,Latvia,Spain
Latvia,United States,Latvia,United States
Latvia,Australia,Latvia,Australia
Latvia,Greece,Latvia,Greece
Latvia,China,Latvia,China
Latvia,Canada,Latvia,Canada
Latvia,United Kingdom,Latvia,United Kingdom
Latvia,Russia,Latvia,Russian Federation
Latvia,South Korea,Latvia,
Latvia,Japan,Latvia,Japan
Turkey,Germany,Turkey,Germany
Turkey,United Kingdom,Turkey,United Kingdom
Turkey,Finland,Turkey,Finland
Turkey,Australia,Turkey,Australia
Turkey,Italy,Turkey,Italy
Turkey,Japan,Turkey,Japan
Turkey,Mexico,Turkey,Mexico
Turkey,Germany,Turkey,Germany
Turkey,United States,Turkey,United States
Turkey,South Korea,Turkey,
Turkey,Spain,Turkey,Spain
Turkey,United States,Turkey,United States
Turkey,Australia,Turkey,Australia
Turkey,Greece,Turkey,Greece
Turkey,China,Turkey,China
Turkey,United Kingdom,Turkey,United Kingdom
Turkey,Brazil,Turkey,Brazil
Turkey,Japan,Turkey,Japan
Jamaica,United Kingdom,Jamaica,United Kingdom
Jamaica,Finland,Jamaica,Finland
Jamaica,Mexico,Jamaica,Mexico
Jamaica,Germany,Jamaica,Germany
Jamaica,Canada,Jamaica,Canada
Jamaica,Russia,Jamaica,Russian Federation
Jamaica,United States,Jamaica,United States
Jamaica,South Korea,Jamaica,
Jamaica,Spain,Jamaica,Spain
Jamaica,United States,Jamaica,United States
Jamaica,Australia,Jamaica,Australia
Jamaica,Greece,Jamaica,Greece
Jamaica,China,Jamaica,China
Jamaica,United Kingdom,Jamaica,United Kingdom
Jamaica,Brazil,Jamaica,Brazil
Jamaica,Japan,Jamaica,Japan
Peru,United Kingdom,Peru,United Kingdom
Peru,United States,Peru,United States
Peru,South Korea,Peru,
Peru,Spain,Peru,Spain
Trinidad and Tobago,United Kingdom,Trinidad and Tobago,United Kingdom
Trinidad and Tobago,Finland,Trinidad and Tobago,Finland
Trinidad and Tobago,Japan,Trinidad and Tobago,Japan
Trinidad and Tobago,Canada,Trinidad and Tobago,Canada
Trinidad and Tobago,United States,Trinidad and Tobago,United States
Trinidad and Tobago,Australia,Trinidad and Tobago,Australia
Trinidad and Tobago,Greece,Trinidad and Tobago,Greece
Trinidad and Tobago,China,Trinidad and Tobago,China
Trinidad and Tobago,United Kingdom,Trinidad and Tobago,United Kingdom
Trinidad and Tobago,Brazil,Trinidad and Tobago,Brazil
Sri Lanka,United Kingdom,Sri Lanka,United Kingdom
Sri Lanka,Australia,Sri Lanka,Australia
Cuba,United Kingdom,Cuba,United Kingdom
Cuba,Japan,Cuba,Japan
Cuba,Mexico,Cuba,Mexico
Cuba,Germany,Cuba,Germany
Cuba,Canada,Cuba,Canada
Cuba,Russia,Cuba,Russian Federation
Cuba,Spain,Cuba,Spain
Cuba,United States,Cuba,United States
Cuba,Australia,Cuba,Australia
Cuba,Greece,Cuba,Greece
Cuba,China,Cuba,China
Cuba,United Kingdom,Cuba,United Kingdom
Cuba,Brazil,Cuba,Brazil
Cuba,Japan,Cuba,Japan
Republic of Korea,United Kingdom,Republic of Korea,United Kingdom
Republic of Korea,Finland,Republic of Korea,Finland
Republic of Korea,Australia,Republic of Korea,Australia
Republic of Korea,Japan,Republic of Korea,Japan
Republic of Korea,Mexico,Republic of Korea,Mexico
Republic of Korea,Germany,Republic of Korea,Germany
Republic of Korea,Canada,Republic of Korea,Canada
Republic of Korea,United States,Republic of Korea,United States
Republic of Korea,South Korea,Republic of Korea,
Republic of Korea,France,Republic of Korea,France
Republic of Korea,Spain,Republic of Korea,Spain
Republic of Korea,Norway,Republic of Korea,Norway
Republic of Korea,United States,Republic of Korea,United States
Republic of Korea,Japan,Republic of Korea,Japan
Republic of Korea,Australia,Republic of Korea,Australia
Republic of Korea,United States,Republic of Korea,United States
Republic of Korea,Greece,Republic of Korea,Greece
Republic of Korea,China,Republic of Korea,China
Republic of Korea,Canada,Republic of Korea,Canada
Republic of Korea,United Kingdom,Republic of Korea,United Kingdom
Republic of Korea,Russia,Republic of Korea,Russian Federation
Republic of Korea,Brazil,Republic of Korea,Brazil
Republic of Korea,South Korea,Republic of Korea,
Republic of Korea,Japan,Republic of Korea,Japan
Panama,United Kingdom,Panama,United Kingdom
Panama,China,Panama,China
Islamic Republic of Iran,United Kingdom,Iran (Islamic Republic of),United Kingdom
Islamic Republic of Iran,Finland,Iran (Islamic Republic of),Finland
Islamic Republic of Iran,Australia,Iran (Islamic Republic of),Australia
Islamic Republic of Iran,Italy,Iran (Islamic Republic of),Italy
Islamic Republic of Iran,Japan,Iran (Islamic Republic of),Japan
Islamic Republic of Iran,Mexico,Iran (Islamic Republic of),Mexico
Islamic Republic of Iran,Germany,Iran (Islamic Republic of),Germany
Islamic Republic of Iran,Canada,Iran (Islamic Republic of),Canada
Islamic Republic of Iran,South Korea,Iran (Islamic Republic of),
Islamic Republic of Iran,Spain,Iran (Islamic Republic of),Spain
Islamic Republic of Iran,United States,Iran (Islamic Republic of),United States
Islamic Republic of Iran,Australia,Iran (Islamic Republic of),Australia
Islamic Republic of Iran,Greece,Iran (Islamic Republic of),Greece
Islamic Republic of Iran,China,Iran (Islamic Republic of),China
Islamic Republic of Iran,United Kingdom,Iran (Islamic Republic of),United Kingdom
Islamic Republic of Iran,Brazil,Iran (Islamic Republic of),Brazil
Islamic Republic of Iran,Japan,Iran (Islamic Republic of),Japan
Puerto Rico,United Kingdom,Puerto Rico,United Kingdom
Puerto Rico,Canada,Puerto Rico,Canada
Puerto Rico,United States,Puerto Rico,United States
Puerto Rico,Spain,Puerto Rico,Spain
Puerto Rico,United States,Puerto Rico,United States
Puerto Rico,United Kingdom,Puerto Rico,United Kingdom
Puerto Rico,Brazil,Puerto Rico,Brazil
Puerto Rico,Japan,Puerto Rico,Japan
Soviet Union,Finland,Former USSR,Finland
Soviet Union,Australia,Former USSR,Australia
Soviet Union,United States,Former USSR,United States
Soviet Union,Italy,Former USSR,Italy
Soviet Union,Austria,Former USSR,Austria
Soviet Union,Japan,Former USSR,Japan
Soviet Union,Mexico,Former USSR,Mexico
Soviet Union,France,Former USSR,France
Soviet Union,Japan,Former USSR,Japan
Soviet Union,Germany,Former USSR,Germany
Soviet Union,Canada,Former USSR,Canada
Soviet Union,Austria,Former USSR,Austria
Soviet Union,Russia,Former USSR,Russian Federation
Soviet Union,United States,Former USSR,United States
Soviet Union,Bosnia and Herzegovina,Former USSR,
Soviet Union,South Korea,Former USSR,
Soviet Union,Canada,Former USSR,Canada
Lebanon,Finland,Lebanon,Finland
Lebanon,Germany,Lebanon,Germany
Lebanon,Russia,Lebanon,Russian Federation
Bulgaria,Finland,Bulgaria,Finland
Bulgaria,Australia,Bulgaria,Australia
Bulgaria,Italy,Bulgaria,Italy
Bulgaria,Japan,Bulgaria,Japan
Bulgaria,Mexico,Bulgaria,Mexico
Bulgaria,Germany,Bulgaria,Germany
Bulgaria,Canada,Bulgaria,Canada
Bulgaria,Russia,Bulgaria,Russian Federation
Bulgaria,United States,Bulgaria,United States
Bulgaria,South Korea,Bulgaria,
Bulgaria,Spain,Bulgaria,Spain
Bulgaria,United States,Bulgaria,United States
Bulgaria,Japan,Bulgaria,Japan
Bulgaria,Australia,Bulgaria,Australia
Bulgaria,United States,Bulgaria,United States
Bulgaria,Greece,Bulgaria,Greece
Bulgaria,China,Bulgaria,China
Bulgaria,United Kingdom,Bulgaria,United Kingdom
Bulgaria,Brazil,Bulgaria,Brazil
Bulgaria,Japan,Bulgaria,Japan
Venezuela,Finland,Venezuela (Bolivarian Republic of),Finland
Venezuela,Italy,Venezuela (Bolivarian Republic of),Italy
Venezuela,Mexico,Venezuela (Bolivarian Republic of),Mexico
Venezuela,Canada,Venezuela (Bolivarian Republic of),Canada
Venezuela,Russia,Venezuela (Bolivarian Republic of),Russian Federation
Venezuela,United States,Venezuela (Bolivarian Republic of),United States
Venezuela,Greece,Venezuela (Bolivarian Republic of),Greece
Venezuela,China,Venezuela (Bolivarian Republic of),China
Venezuela,United Kingdom,Venezuela (Bolivarian Republic of),United Kingdom
Venezuela,Brazil,Venezuela (Bolivarian Republic of),Brazil
Venezuela,Japan,Venezuela (Bolivarian Republic of),Japan
Iceland,Australia,Iceland,Australia
Iceland,United States,Iceland,United States
Iceland,Australia,Iceland,Australia
Iceland,China,Iceland,China
Pakistan,Australia,Pakistan,Australia
Pakistan,Italy,Pakistan,Italy
Pakistan,Japan,Pakistan,Japan
Pakistan,Mexico,Pakistan,Mexico
Pakistan,Germany,Pakistan,Germany
Pakistan,Canada,Pakistan,Canada
Pakistan,United States,Pakistan,United States
Pakistan,South Korea,Pakistan,
Pakistan,Spain,Pakistan,Spain
Bahamas,Australia,,Australia
Bahamas,Japan,,Japan
Bahamas,Spain,,Spain
Bahamas,United States,,United States
Bahamas,Australia,,Australia
Bahamas,Greece,,Greece
Bahamas,China,,China
Bahamas,United Kingdom,,United Kingdom
Bahamas,Brazil,,Brazil
Bahamas,Japan,,Japan
Ethiopia,Italy,Ethiopia,Italy
Ethiopia,Japan,Ethiopia,Japan
Ethiopia,Mexico,Ethiopia,Mexico
Ethiopia,Germany,Ethiopia,Germany
Ethiopia,Russia,Ethiopia,Russian Federation
Ethiopia,Spain,Ethiopia,Spain
Ethiopia,United States,Ethiopia,United States
Ethiopia,Australia,Ethiopia,Australia
Ethiopia,Greece,Ethiopia,Greece
Ethiopia,China,Ethiopia,China
Ethiopia,United Kingdom,Ethiopia,United Kingdom
Ethiopia,Brazil,Ethiopia,Brazil
Ethiopia,Japan,Ethiopia,Japan
United Arab Republic,Italy,,Italy
Ghana,Italy,Ghana,Italy
Ghana,Japan,Ghana,Japan
Ghana,Germany,Ghana,Germany
Ghana,Spain,Ghana,Spain
Ghana,Japan,Ghana,Japan
Morocco,Italy,Morocco,Italy
Morocco,United States,Morocco,United States
Morocco,South Korea,Morocco,
Morocco,Spain,Morocco,Spain
Morocco,United States,Morocco,United States
Morocco,Australia,Morocco,Australia
Morocco,Greece,Morocco,Greece
Morocco,China,Morocco,China
Morocco,United Kingdom,Morocco,United Kingdom
Morocco,Brazil,Morocco,Brazil
Morocco,Japan,Morocco,Japan
Chinese Taipei,Italy,Taiwan Province of China,Italy
Chinese Taipei,Mexico,Taiwan Province of China,Mexico
Chinese Taipei,United States,Taiwan Province of China,United States
Chinese Taipei,Spain,Taiwan Province of China,Spain
Chinese Taipei,United States,Taiwan Province of China,United States
Chinese Taipei,Australia,Taiwan Province of China,Australia
Chinese Taipei,Greece,Taiwan Province of China,Greece
Chinese Taipei,China,Taiwan Province of China,China
Chinese Taipei,United Kingdom,Taiwan Province of China,United Kingdom
Chinese Taipei,Brazil,Taiwan Province of China,Brazil
Chinese Taipei,Japan,Taiwan Province of China,Japan
Singapore,Italy,Singapore,Italy
Singapore,China,Singapore,China
Singapore,United Kingdom,Singapore,United Kingdom
Singapore,Brazil,Singapore,Brazil
West Indies Federation,Italy,,Italy
Iraq,Italy,Iraq,Italy
Democratic People's Republic of Korea,Austria,D.P.R. of Korea,Austria
Democratic People's Republic of Korea,Germany,D.P.R. of Korea,Germany
Democratic People's Republic of Korea,Canada,D.P.R. of Korea,Canada
Democratic People's Republic of Korea,Russia,D.P.R. of Korea,Russian Federation
Democratic People's Republic of Korea,France,D.P.R. of Korea,France
Democratic People's Republic of Korea,Spain,D.P.R. of Korea,Spain
Democratic People's Republic of Korea,United States,D.P.R. of Korea,United States
Democratic People's Republic of Korea,Australia,D.P.R. of Korea,Australia
Democratic People's Republic of Korea,Greece,D.P.R. of Korea,Greece
Democratic People's Republic of Korea,China,D.P.R. of Korea,China
Democratic People's Republic of Korea,United Kingdom,D.P.R. of Korea,United Kingdom
Democratic People's Republic of Korea,Brazil,D.P.R. of Korea,Brazil
Tunisia,Japan,Tunisia,Japan
Tunisia,Mexico,Tunisia,Mexico
Tunisia,Germany,Tunisia,Germany
Tunisia,United States,Tunisia,United States
Tunisia,China,Tunisia,China
Tunisia,United Kingdom,Tunisia,United Kingdom
Tunisia,Brazil,Tunisia,Brazil
Tunisia,Japan,Tunisia,Japan
Kenya,Japan,Kenya,Japan
Kenya,Mexico,Kenya,Mexico
Kenya,Germany,Kenya,Germany
Kenya,United States,Kenya,United States
Kenya,South Korea,Kenya,
Kenya,Spain,Kenya,Spain
Kenya,United States,Kenya,United States
Kenya,Australia,Kenya,Australia
Kenya,Greece,Kenya,Greece
Kenya,China,Kenya,China
Kenya,United Kingdom,Kenya,United Kingdom
Kenya,Brazil,Kenya,Brazil
Kenya,Japan,Kenya,Japan
Nigeria,Japan,Nigeria,Japan
Nigeria,Germany,Nigeria,Germany
Nigeria,United States,Nigeria,United States
Nigeria,Spain,Nigeria,Spain
Nigeria,United States,Nigeria,United States
Nigeria,Australia,Nigeria,Australia
Nigeria,Greece,Nigeria,Greece
Nigeria,China,Nigeria,China
Nigeria,Brazil,Nigeria,Brazil
Nigeria,Japan,Nigeria,Japan
German Democratic Republic (Germany),Mexico,Germany,Mexico
German Democratic Republic (Germany),France,Germany,France
German Democratic Republic (Germany),Japan,Germany,Japan
German Democratic Republic (Germany),Germany,Germany,Germany
German Democratic Republic (Germany),Canada,Germany,Canada
German Democratic Republic (Germany),Austria,Germany,Austria
German Democratic Republic (Germany),Russia,Germany,Russian Federation
German Democratic Republic (Germany),United States,Germany,United States
German Democratic Republic (Germany),Bosnia and Herzegovina,Germany,
German Democratic Republic (Germany),South Korea,Germany,
German Democratic Republic (Germany),Canada,Germany,Canada
Federal Republic of Germany,Mexico,Germany,Mexico
Federal Republic of Germany,France,Germany,France
Federal Republic of Germany,Japan,Germany,Japan
Federal Republic of Germany,Germany,Germany,Germany
Federal Republic of Germany,Canada,Germany,Canada
Federal Republic of Germany,Austria,Germany,Austria
Federal Republic of Germany,United States,Germany,United States
Federal Republic of Germany,Bosnia and Herzegovina,Germany,
Federal Republic of Germany,United States,Germany,United States
Federal Republic of Germany,South Korea,Germany,
Federal Republic of Germany,Canada,Germany,Canada
Mongolia,Mexico,Mongolia,Mexico
Mongolia,Germany,Mongolia,Germany
Mongolia,Canada,Mongolia,Canada
Mongolia,Russia,Mongolia,Russian Federation
Mongolia,South Korea,Mongolia,
Mongolia,Spain,Mongolia,Spain
Mongolia,United States,Mongolia,United States
Mongolia,Greece,Mongolia,Greece
Mongolia,China,Mongolia,China
Mongolia,United Kingdom,Mongolia,United Kingdom
Mongolia,Brazil,Mongolia,Brazil
Mongolia,Japan,Mongolia,Japan
Uganda,Mexico,Uganda,Mexico
Uganda,Germany,Uganda,Germany
Uganda,Russia,Uganda,Russian Federation
Uganda,United States,Uganda,United States
Uganda,United Kingdom,Uganda,United Kingdom
Uganda,Japan,Uganda,Japan
Cameroon,Mexico,Cameroon,Mexico
Cameroon,United States,Cameroon,United States
Cameroon,Australia,Cameroon,Australia
Cameroon,Greece,Cameroon,Greece
Cameroon,China,Cameroon,China
Cameroon,United Kingdom,Cameroon,United Kingdom
Colombia,Germany,Colombia,Germany
Colombia,United States,Colombia,United States
Colombia,South Korea,Colombia,
Colombia,Spain,Colombia,Spain
Colombia,Australia,Colombia,Australia
Colombia,Greece,Colombia,Greece
Colombia,China,Colombia,China
Colombia,United Kingdom,Colombia,United Kingdom
Colombia,Brazil,Colombia,Brazil
Colombia,Japan,Colombia,Japan
Niger,Germany,Niger,Germany
Niger,Brazil,Niger,Brazil
Bermuda,Canada,,Canada
Bermuda,Japan,,Japan
Thailand,Canada,Thailand,Canada
Thailand,United States,Thailand,United States
Thailand,South Korea,Thailand,
Thailand,Spain,Thailand,Spain
Thailand,United States,Thailand,United States
Thailand,Australia,Thailand,Australia
Thailand,Greece,Thailand,Greece
Thailand,China,Thailand,China
Thailand,United Kingdom,Thailand,United Kingdom
Thailand,Brazil,Thailand,Brazil
Thailand,Japan,Thailand,Japan
Liechtenstein,Austria,,Austria
Liechtenstein,United States,,United States
Liechtenstein,Bosnia and Herzegovina,,
Liechtenstein,Canada,,Canada
Liechtenstein,South Korea,,
Zimbabwe,Russia,Zimbabwe,Russian Federation
Zimbabwe,Greece,Zimbabwe,Greece
Zimbabwe,China,Zimbabwe,China
United Republic of Tanzania,Russia,U.R. of Tanzania: Mainland,Russian Federation
Guyana,Russia,,Russian Federation
People's Republic of China,United States,China,United States
People's Republic of China,South Korea,China,
People's Republic of China,France,China,France
People's Republic of China,Spain,China,Spain
People's Republic of China,Norway,China,Norway
People's Republic of China,United States,China,United States
People's Republic of China,Japan,China,Japan
People's Republic of China,Australia,China,Australia
People's Republic of China,United States,China,United States
People's Republic of China,Greece,China,Greece
People's Republic of China,China,China,China
People's Republic of China,Canada,China,Canada
People's Republic of China,United Kingdom,China,United Kingdom
People's Republic of China,Russia,China,Russian Federation
People's Republic of China,Brazil,China,Brazil
People's Republic of China,South Korea,China,
People's Republic of China,Japan,China,Japan
Syrian Arab Republic,United States,Syrian Arab Republic,United States
Syrian Arab Republic,United States,Syrian Arab Republic,United States
Syrian Arab Republic,Greece,Syrian Arab Republic,Greece
Syrian Arab Republic,Japan,Syrian Arab Republic,Japan
Cte d'Ivoire,United States,Cote d'Ivoire,United States
Cte d'Ivoire,Brazil,Cote d'Ivoire,Brazil
Cte d'Ivoire,Japan,Cote d'Ivoire,Japan
Algeria,United States,Algeria,United States
Algeria,Spain,Algeria,Spain
Algeria,United States,Algeria,United States
Algeria,Australia,Algeria,Australia
Algeria,China,Algeria,China
Algeria,United Kingdom,Algeria,United Kingdom
Algeria,Brazil,Algeria,Brazil
Dominican Republic,United States,Dominica,United States
Dominican Republic,Greece,Dominica,Greece
Dominican Republic,China,Dominica,China
Dominican Republic,United Kingdom,Dominica,United Kingdom
Dominican Republic,Brazil,Dominica,Brazil
Dominican Republic,Japan,Dominica,Japan
Zambia,United States,Zambia,United States
Zambia,United States,Zambia,United States
Suriname,South Korea,,
Suriname,Spain,,Spain
"Virgin Islands, US",South Korea,,
Senegal,South Korea,Senegal,
Indonesia,South Korea,Indonesia,
Indonesia,Spain,Indonesia,Spain
Indonesia,United States,Indonesia,United States
Indonesia,Australia,Indonesia,Australia
Indonesia,Greece,Indonesia,Greece
Indonesia,China,Indonesia,China
Indonesia,United Kingdom,Indonesia,United Kingdom
Indonesia,Brazil,Indonesia,Brazil
Indonesia,Japan,Indonesia,Japan
Costa Rica,South Korea,Costa Rica,
Costa Rica,United States,Costa Rica,United States
Costa Rica,Australia,Costa Rica,Australia
Netherlands Antilles,South Korea,,
Djibouti,South Korea,Djibouti,
Unified Team,France,,France
Unified Team,Spain,,Spain
Lithuania,Spain,Lithuania,Spain
Lithuania,United States,Lithuania,United States
Lithuania,Australia,Lithuania,Australia
Lithuania,Greece,Lithuania,Greece
Lithuania,China,Lithuania,China
Lithuania,United Kingdom,Lithuania,United Kingdom
Lithuania,Brazil,Lithuania,Brazil
Lithuania,Japan,Lithuania,Japan
Namibia,Spain,Namibia,Spain
Namibia,United States,Namibia,United States
Namibia,Japan,Namibia,Japan
Independent Olympic Athletes,Spain,,Spain
Independent Olympic Athletes,Brazil,,Brazil
Croatia,Spain,Croatia,Spain
Croatia,United States,Croatia,United States
Croatia,Australia,Croatia,Australia
Croatia,United States,Croatia,United States
Croatia,Greece,Croatia,Greece
Croatia,China,Croatia,China
Croatia,Canada,Croatia,Canada
Croatia,United Kingdom,Croatia,United Kingdom
Croatia,Russia,Croatia,Russian Federation
Croatia,Brazil,Croatia,Brazil
Croatia,Japan,Croatia,Japan
Israel,Spain,Israel,Spain
Israel,United States,Israel,United States
Israel,Australia,Israel,Australia
Israel,Greece,Israel,Greece
Israel,China,Israel,China
Israel,Brazil,Israel,Brazil
Israel,Japan,Israel,Japan
Slovenia,Spain,Slovenia,Spain
Slovenia,Norway,Slovenia,Norway
Slovenia,United States,Slovenia,United States
Slovenia,Australia,Slovenia,Australia
Slovenia,United States,Slovenia,United States
Slovenia,Greece,Slovenia,Greece
Slovenia,China,Slovenia,China
Slovenia,Canada,Slovenia,Canada
Slovenia,United Kingdom,Slovenia,United Kingdom
Slovenia,Russia,Slovenia,Russian Federation
Slovenia,Brazil,Slovenia,Brazil
Slovenia,South Korea,Slovenia,
Slovenia,Japan,Slovenia,Japan
Qatar,Spain,Qatar,Spain
Qatar,Australia,Qatar,Australia
Qatar,United Kingdom,Qatar,United Kingdom
Qatar,Brazil,Qatar,Brazil
Qatar,Japan,Qatar,Japan
Malaysia,Spain,Malaysia,Spain
Malaysia,United States,Malaysia,United States
Malaysia,China,Malaysia,China
Malaysia,United Kingdom,Malaysia,United Kingdom
Malaysia,Brazil,Malaysia,Brazil
Malaysia,Japan,Malaysia,Japan
Kazakhstan,Norway,Kazakhstan,Norway
Kazakhstan,United States,Kazakhstan,United States
Kazakhstan,Japan,Kazakhstan,Japan
Kazakhstan,Australia,Kazakhstan,Australia
Kazakhstan,Greece,Kazakhstan,Greece
Kazakhstan,China,Kazakhstan,China
Kazakhstan,Canada,Kazakhstan,Canada
Kazakhstan,United Kingdom,Kazakhstan,United Kingdom
Kazakhstan,Russia,Kazakhstan,Russian Federation
Kazakhstan,Brazil,Kazakhstan,Brazil
Kazakhstan,South Korea,Kazakhstan,
Kazakhstan,Japan,Kazakhstan,Japan
Ukraine,Norway,Ukraine,Norway
Ukraine,United States,Ukraine,United States
Ukraine,Japan,Ukraine,Japan
Ukraine,Australia,Ukraine,Australia
Ukraine,Greece,Ukraine,Greece
Ukraine,China,Ukraine,China
Ukraine,United Kingdom,Ukraine,United Kingdom
Ukraine,Russia,Ukraine,Russian Federation
Ukraine,Brazil,Ukraine,Brazil
Ukraine,South Korea,Ukraine,
Ukraine,Japan,Ukraine,Japan
Uzbekistan,Norway,Uzbekistan,Norway
Uzbekistan,United States,Uzbekistan,United States
Uzbekistan,Australia,Uzbekistan,Australia
Uzbekistan,Greece,Uzbekistan,Greece
Uzbekistan,China,Uzbekistan,China
Uzbekistan,United Kingdom,Uzbekistan,United Kingdom
Uzbekistan,Brazil,Uzbekistan,Brazil
Uzbekistan,Japan,Uzbekistan,Japan
Belarus,Norway,Belarus,Norway
Belarus,United States,Belarus,United States
Belarus,Japan,Belarus,Japan
Belarus,Australia,Belarus,Australia
Belarus,United States,Belarus,United States
Belarus,Greece,Belarus,Greece
Belarus,China,Belarus,China
Belarus,Canada,Belarus,Canada
Belarus,United Kingdom,Belarus,United Kingdom
Belarus,Russia,Belarus,Russian Federation
Belarus,Brazil,Belarus,Brazil
Belarus,South Korea,Belarus,
Belarus,Japan,Belarus,Japan
Czech Republic,United States,Czech Republic,United States
Czech Republic,Japan,Czech Republic,Japan
Czech Republic,Australia,Czech Republic,Australia
Czech Republic,United States,Czech Republic,United States
Czech Republic,Greece,Czech Republic,Greece
Czech Republic,China,Czech Republic,China
Czech Republic,Canada,Czech Republic,Canada
Czech Republic,United Kingdom,Czech Republic,United Kingdom
Czech Republic,Russia,Czech Republic,Russian Federation
Czech Republic,Brazil,Czech Republic,Brazil
Czech Republic,South Korea,Czech Republic,
Czech Republic,Japan,Czech Republic,Japan
Serbia and Montenegro,United States,,United States
Serbia and Montenegro,Australia,,Australia
Serbia and Montenegro,Greece,,Greece
Slovakia,United States,Slovakia,United States
Slovakia,Australia,Slovakia,Australia
Slovakia,Greece,Slovakia,Greece
Slovakia,China,Slovakia,China
Slovakia,Canada,Slovakia,Canada
Slovakia,United Kingdom,Slovakia,United Kingdom
Slovakia,Russia,Slovakia,Russian Federation
Slovakia,Brazil,Slovakia,Brazil
Slovakia,South Korea,Slovakia,
Slovakia,Japan,Slovakia,Japan
Armenia,United States,Armenia,United States
Armenia,Australia,Armenia,Australia
Armenia,China,Armenia,China
Armenia,United Kingdom,Armenia,United Kingdom
Armenia,Brazil,Armenia,Brazil
Armenia,Japan,Armenia,Japan
Burundi,United States,Burundi,United States
Burundi,Brazil,Burundi,Brazil
Ecuador,United States,Ecuador,United States
Ecuador,China,Ecuador,China
Ecuador,Japan,Ecuador,Japan
"Hong Kong, China",United States,,United States
"Hong Kong, China",Greece,,Greece
"Hong Kong, China",United Kingdom,,United Kingdom
"Hong Kong, China",Japan,,Japan
Republic of Moldova,United States,Republic of Moldova,United States
Republic of Moldova,Australia,Republic of Moldova,Australia
Republic of Moldova,China,Republic of Moldova,China
Republic of Moldova,Japan,Republic of Moldova,Japan
Tonga,United States,,United States
Azerbaijan,United States,Azerbaijan,United States
Azerbaijan,Australia,Azerbaijan,Australia
Azerbaijan,Greece,Azerbaijan,Greece
Azerbaijan,China,Azerbaijan,China
Azerbaijan,United Kingdom,Azerbaijan,United Kingdom
Azerbaijan,Brazil,Azerbaijan,Brazil
Azerbaijan,Japan,Azerbaijan,Japan
Georgia,United States,Georgia,United States
Georgia,Australia,Georgia,Australia
Georgia,Greece,Georgia,Greece
Georgia,China,Georgia,China
Georgia,United Kingdom,Georgia,United Kingdom
Georgia,Brazil,Georgia,Brazil
Georgia,Japan,Georgia,Japan
Mozambique,United States,Mozambique,United States
Mozambique,Australia,Mozambique,Australia
Saudi Arabia,Australia,Saudi Arabia,Australia
Saudi Arabia,United Kingdom,Saudi Arabia,United Kingdom
Saudi Arabia,Japan,Saudi Arabia,Japan
Vietnam,Australia,Viet Nam,Australia
Vietnam,China,Viet Nam,China
Vietnam,Brazil,Viet Nam,Brazil
Kuwait,Australia,Kuwait,Australia
Kuwait,United Kingdom,Kuwait,United Kingdom
Kuwait,Japan,Kuwait,Japan
Barbados,Australia,Barbados,Australia
Kyrgyzstan,Australia,Kyrgyzstan,Australia
Kyrgyzstan,China,Kyrgyzstan,China
Kyrgyzstan,Japan,Kyrgyzstan,Japan
North Macedonia,Australia,TFYR of Macedonia,Australia
North Macedonia,Japan,TFYR of Macedonia,Japan
United Arab Emirates,Greece,United Arab Emirates,Greece
United Arab Emirates,Brazil,United Arab Emirates,Brazil
Paraguay,Greece,Paraguay,Greece
Eritrea,Greece,,Greece
Serbia,China,Serbia,China
Serbia,United Kingdom,Serbia,United Kingdom
Serbia,Brazil,Serbia,Brazil
Serbia,Japan,Serbia,Japan
Tajikistan,China,Tajikistan,China
Tajikistan,United Kingdom,Tajikistan,United Kingdom
Tajikistan,Brazil,Tajikistan,Brazil
Sudan,China,Sudan (Former),China
Samoa,China,,China
Mauritius,China,Mauritius,China
Afghanistan,China,Afghanistan,China
Afghanistan,United Kingdom,Afghanistan,United Kingdom
Togo,China,Togo,China
Grenada,United Kingdom,,United Kingdom
Grenada,Brazil,,Brazil
Grenada,Japan,,Japan
Bahrain,United Kingdom,Bahrain,United Kingdom
Bahrain,Brazil,Bahrain,Brazil
Bahrain,Japan,Bahrain,Japan
Botswana,United Kingdom,Botswana,United Kingdom
Botswana,Japan,Botswana,Japan
Guatemala,United Kingdom,Guatemala,United Kingdom
Montenegro,United Kingdom,Montenegro,United Kingdom
Gabon,United Kingdom,Gabon,United Kingdom
Cyprus,United Kingdom,Cyprus,United Kingdom
Kosovo,Brazil,,Brazil
Kosovo,Japan,,Japan
Fiji,Brazil,,Brazil
Fiji,Japan,,Japan
Jordan,Brazil,Jordan,Brazil
Jordan,Japan,Jordan,Japan
Olympic Athletes from Russia,South Korea,Russian Federation,
ROC,Japan,Russian Federation,Japan
San Marino,Japan,,Japan
Turkmenistan,Japan,Turkmenistan,Japan
Burkina Faso,Japan,Burkina Faso,Japan
